id,title,company,location,salary,job_type,experience_level,remote,skill_match_score,matched_skills,skills_required,source_portal,url,apply_url,posted_date,scraped_at,description
e8fcfe3475d6dc53f1a052e0e4951e4b,Senior Full-stack React Developer,Lemon.io,"Americas, Europe, Asia, Oceania",,contract,,True,1.0,unity,".Net, android, AWS, azure, backend, C, C#, C++, data science, fullstack, golang, ios, java, javascript, node.js, php, python, react, react js, ruby/rails, shopify, video, blockchain, AI/ML, react native, rust, unity, spring, data analysis, laravel, solidity, flask, Typescript , angular , GCP, data engineering, Symfony, startup, marketplace, next.js",remotive,https://remotive.com/remote-jobs/software-development/senior-full-stack-react-developer-2088711,https://remotive.com/remote-jobs/software-development/senior-full-stack-react-developer-2088711,2026-05-15T14:00:51,2026-06-12T01:14:07.338590,"<p>Are you a talented Senior Developer looking for a remote job that lets you show your skills and get decent compensation? Look no further than <a href=""https://lemon.io/for-developers/?utm_source=remotive&amp;utm_medium=job_ad&amp;utm_campaign=supply_en_react_python/node/golang_may_2026_job_ad"" rel=""nofollow"" target=""_self"">Lemon.io</a> — the marketplace that connects you with hand-picked startups in the US and Europe.</p> <p><strong> </strong></p> <p><strong>What we offer:</strong></p> <ul st..."
fec0336c64a95869ab40fae6666a15d3,Cleaner,OCS,"Victoria, ",,,,True,1.0,unity,"infosec, game dev, marketing, exec",remoteok,https://remoteOK.com/remote-jobs/remote-cleaner-ocs-1133158,https://remoteOK.com/remote-jobs/remote-cleaner-ocs-1133158,2026-06-10T12:27:11+00:00,2026-06-12T01:14:06.696651,"<strong>About The Company:<br><br></strong>OCS UK &amp; Ireland is a leading facilities management company with 50,000+ colleagues and a turnover in excess of Â£2bn. We deliver innovative, award-winning services within facilities management, hard services, cleaning, security and catering.<br><br>Our mission is to make people and places the best they can be for our colleagues, customers and the communities we serve. Our commitment to doing business the right way is rooted in our TRUE values - <st..."
26ba9082202cd3a7505974126dcf7ad9,Senior UI & UX / Graphic Designer,Lemon.io,"Europe, North America, Latin America, APAC",,,,True,1.0,unity,"u, x,  , d, e, s, i, g, n, e, r, ,, f, i, g, m, a, ,, p, r, o, d, u, c, t,  , d, e, s, i, g, n, ,, g, r, a, p, h, i, c,  , d, e, s, i, g, n, ,, c, r, e, a, t, i, v, e",workingnomads,https://www.workingnomads.com/job/go/1658647/,https://www.workingnomads.com/job/go/1658647/,2026-06-11T06:39:40-04:00,2026-06-12T01:14:08.632420,"<p>Are you a talented Senior Designer looking for a remote job that lets you show your skills and get decent compensation? Look no further than <a href=""https://lemon.io/for-developers/?utm_source=workingnomads&amp;utm_medium=job_ad&amp;utm_campaign=supply_en_ui/ux/graphic_designer_jun_2026_job_ad"" rel=""nofollow"" target=""_blank"">Lemon.io</a> — the marketplace that connects you with hand-picked startups in the US and Europe.</p> <p><strong>What we offer:</strong></p> <ul> <li>The rate depends on ..."
6951648ccc281eb519ffadaa3d02a71e,Senior Blockchain Developer,Lemon.io,"Europe, North America, Latin America, APAC",,,,True,1.0,unity,"b, l, o, c, k, c, h, a, i, n, ,, e, t, h, e, r, e, u, m, ,, w, e, b, 3, ,, r, e, a, c, t, ,, n, o, d, e, j, s",workingnomads,https://www.workingnomads.com/job/go/1656108/,https://www.workingnomads.com/job/go/1656108/,2026-06-10T06:38:14-04:00,2026-06-12T01:14:08.633008,"<p>Are you a talented Senior Developer looking for a remote job that lets you showcase your skills and earn competitive compensation? Look no further than <a href=""https://lemon.io/for-developers/?utm_source=workingnomads&amp;utm_medium=job_ad&amp;utm_campaign=supply_en_blockchain_jun_2026_job_ad"" rel=""nofollow"" target=""_blank"">Lemon.io</a> — the marketplace that connects you with hand‑picked startups in the US and Europe.</p> <p><strong>What we offer:</strong></p> <ul> <li>The rate depends on y..."
52bfec25656d782ca94099afb5859d51,Senior AI Engineer / Architect,Lemon.io,Remote,$11,,,True,1.0,unity,,weworkremotely,https://weworkremotely.com/remote-jobs/lemon-io-senior-ai-engineer-architect,https://weworkremotely.com/remote-jobs/lemon-io-senior-ai-engineer-architect,"Tue, 02 Jun 2026 16:36:48 +0000",2026-06-12T01:14:07.314760,"<p> <strong>Headquarters:</strong> New York, NY <br /><strong>URL:</strong> <a href=""https://lemon.io"">https://lemon.io</a> </p> <p>Are you a talented Senior AI Engineer/Architect looking for a remote job that lets you show your skills and get decent compensation? Look no further than <a href=""https://lemon.io/for-developers/?utm_source=weworkremotely&utm_medium=job_ad&utm_campaign=supply_en_ai_engineer/architect_jun_2026_job_ad"">Lemon.io</a> — the marketplace that connects you with hand-picked ..."
3c75a55f6dac33562ec6bb279275dbb1,Site Reliability Engineer,Lemon.io,"Europe, North America, Latin America, APAC",,,,True,1.0,unity,"l, i, n, u, x, ,, k, u, b, e, r, n, e, t, e, s, ,, a, r, c, h, i, t, e, c, t, u, r, e, ,, a, n, s, i, b, l, e, ,, t, e, r, r, a, f, o, r, m",workingnomads,https://www.workingnomads.com/job/go/1635298/,https://www.workingnomads.com/job/go/1635298/,2026-05-29T09:23:33-04:00,2026-06-12T01:14:08.644225,"<p>Are you a talented Site Reliability Engineer looking for a remote job that lets you show your skills and get decent compensation? Look no further than <a href=""https://lemon.io/for-developers/?utm_source=workingnomads&amp;utm_medium=job_ad&amp;utm_campaign=supply_en_site_reliability_engineer_may_2026_job_ad"" rel=""nofollow"" target=""_blank"">Lemon.io</a> — the marketplace that connects you with hand-picked startups in the US and Europe.</p> <p><strong>What we offer:</strong></p> <ul> <li>The rat..."
952ffe613a367792863d4e6ba7bf7d7c,Senior Project Manager,Lemon.io,"Europe, North America, Latin America, APAC",,,,True,1.0,unity,"p, r, o, j, e, c, t,  , m, a, n, a, g, e, m, e, n, t, ,, t, e, c, h, ,, a, g, i, l, e, ,, c, o, m, m, u, n, i, c, a, t, i, o, n, ,, e, n, g, l, i, s, h",workingnomads,https://www.workingnomads.com/job/go/1629168/,https://www.workingnomads.com/job/go/1629168/,2026-05-26T06:48:43-04:00,2026-06-12T01:14:08.645724,"<p>Are you a talented Senior Project Manager looking for a remote job where you can showcase your skills and earn competitive compensation? Look no further than <a href=""https://lemon.io/for-developers/?utm_source=workingnomads&amp;utm_medium=job_ad&amp;utm_campaign=supply_en_project_manager_may_2026_job_ad"" rel=""nofollow"" target=""_blank"">Lemon.io</a> — a marketplace that connects you with hand-picked startups in the US and Europe.</p> <p><strong>What we offer:</strong></p> <ul> <li>Your rate wi..."
0fe03031628683aa0cfcff2e175b731b,Senior Angular Full-stack Developer,Lemon.io,"Europe, North America, Latin America, APAC",,,,True,1.0,unity,"a, n, g, u, l, a, r, ,, p, h, p, ,, d, o, t, n, e, t, ,, t, y, p, e, s, c, r, i, p, t, ,, c, o, m, m, u, n, i, c, a, t, i, o, n",workingnomads,https://www.workingnomads.com/job/go/1618086/,https://www.workingnomads.com/job/go/1618086/,2026-05-22T11:09:24-04:00,2026-06-12T01:14:08.647499,"<p>Are you a talented Senior Developer looking for a remote job that lets you show your skills and get decent compensation? Look no further than <a href=""https://lemon.io/for-developers/?utm_source=workingnomads&amp;utm_medium=job_ad&amp;utm_campaign=supply_en_angular_php/.net_may_2026_job_ad"" rel=""nofollow"" target=""_blank"">Lemon.io</a> — the marketplace that connects you with hand-picked startups in the US and Europe.</p> <p><strong>What we offer:</strong></p> <ul> <li>The rate depends on your ..."
d3ee655ca117c1d29e18a27e583ffef4,Senior DevOps Engineer,Lemon.io,"Europe, North America, Latin America, APAC",,,,True,1.0,unity,"d, e, v, o, p, s, ,, a, z, u, r, e, ,, a, w, s, ,, k, u, b, e, r, n, e, t, e, s, ,, p, y, t, h, o, n",workingnomads,https://www.workingnomads.com/job/go/1614075/,https://www.workingnomads.com/job/go/1614075/,2026-05-20T07:33:09-04:00,2026-06-12T01:14:08.648704,"<p>Are you a talented Senior DevOps looking for a remote job that lets you show your skills and get decent compensation? Look no further than <a href=""https://lemon.io/for-developers/?utm_source=workingnomads&amp;utm_medium=job_ad&amp;utm_campaign=supply_en_devops_may_2026_job_ad"" rel=""nofollow"" target=""_blank"">Lemon.io</a> — the marketplace that connects you with hand-picked startups in the US and Europe.</p> <p><strong>What we offer:</strong></p> <ul> <li>The rate depends on your seniority lev..."
eb90094be0b6455f8752c1bc66239a0d,Senior UI&UX / Graphic Designer,Lemon.io,Remote,$11,,,True,1.0,unity,,weworkremotely,https://weworkremotely.com/remote-jobs/lemon-io-senior-ui-ux-graphic-designer,https://weworkremotely.com/remote-jobs/lemon-io-senior-ui-ux-graphic-designer,"Wed, 10 Jun 2026 12:09:44 +0000",2026-06-12T01:14:07.293198,"<img src=""https://we-work-remotely.imgix.net/logos/0076/3337/logo.gif?ixlib=rails-4.0.0&w=50&h=50&dpr=2&fit=fill&auto=compress"" /> <p> <strong>Headquarters:</strong> New York, NY <br /><strong>URL:</strong> <a href=""https://lemon.io"">https://lemon.io</a> </p> <p>Are you a talented Senior Designer looking for a remote job that lets you show your skills and get decent compensation? Look no further than <a href=""https://lemon.io/for-developers/?utm_source=weworkremotely&utm_medium=job_ad&utm_campai..."
31c960ef0bf95cb6ecad3eac84853254,Senior Platform/Site Reliability Engineer,Lemon.io,Remote,$11,,,True,1.0,unity,,weworkremotely,https://weworkremotely.com/remote-jobs/lemon-io-senior-platform-site-reliability-engineer,https://weworkremotely.com/remote-jobs/lemon-io-senior-platform-site-reliability-engineer,"Mon, 08 Jun 2026 14:25:30 +0000",2026-06-12T01:14:07.306823,"<p> <strong>Headquarters:</strong> New York, NY <br /><strong>URL:</strong> <a href=""https://lemon.io"">https://lemon.io</a> </p> <p>Are you a talented Platform/<span class=""notion-enable-hover"">Site Reliability </span>Engineer looking for a remote job that lets you show your skills and get decent compensation? Look no further than <a href=""https://lemon.io/for-developers/?utm_source=weworkremotely&utm_medium=job_ad&utm_campaign=supply_en_sre/platform_engineer_jun_2026_job_ad"">Lemon.io</a> — the ..."
c87e5045f513ce05eccc0e3f72418df4,Unity Developer,Rios Partners,"Arlington, VA, US",$85,,,False,1.0,unity,,talent,https://www.talent.com/view?id=621614766352371878,https://www.talent.com/view?id=621614766352371878,,2026-06-12T01:14:07.884213,"Unity Developer Rios Partners • Arlington, VA, US $85.00 hourly Part-time Rios Partners is a mission-driven consulting firm creating positive change by delivering value for our clients, investing in our employees, and solving tough problems that benefit our local and glo... Show more Last updated: 12 days ago"
f0f635f06df8e26509bf1228a8c0647c,Senior Unity Programmer,DreamForge Games,"Miami, Florida, United States",,,,False,1.0,unity,,talent,https://www.talent.com/view?id=509948778bcc,https://www.talent.com/view?id=509948778bcc,,2026-06-12T01:14:07.884861,"Senior Unity Programmer DreamForge Games • Miami, Florida, United States Full-time Join The DreamForge Founding Team: Build an AI Video Game Generator!&nbsp;.We are building the world's first personalized story adventure gaming platform.Players use DreamForge to create, play, and... Show more Last updated: 30+ days ago"
032f6bc0a1713738c1c1494af62cc063,Senior Unity Developer,Magpie Literacy,US,"$150,000",,,True,1.0,unity,,talent,https://www.talent.com/view?id=615159087163509017,https://www.talent.com/view?id=615159087163509017,,2026-06-12T01:14:07.885601,"Senior Unity Developer Magpie Literacy • US $150,000.00 yearly Remote Full-time Quick Apply At Magpie, we envision a world where every child, no matter their background, becomes a confident reader.Our nonprofit team combines research-backed instruction, joyful game design, and innovative ... Show more Last updated: 30+ days ago"
343aaf4db55e26ad85153464ab9e44bb,3D Unity Developer - Hybrid,TEKsystems,"Mesquite, TX, USA",$60,,,False,1.0,unity,,talent,https://www.talent.com/view?id=07cebffc5619,https://www.talent.com/view?id=07cebffc5619,,2026-06-12T01:14:07.886138,"3D Unity Developer - Hybrid TEKsystems • Mesquite, TX, USA $60.00 hourly Full-time Top Skills:* * 3+ years recent hands-on working experience with Unity 3D * 5+ years of broad experience utilizing various graphics tools and technology with at least 3 of Unity experience.Experie... Show more Last updated: 30+ days ago"
f98fee53bde8f9e7905e8a4b7cb12748,"MILLWRIGHT - WEST UNITY, OH",Tradeco Construction,"Findlay, OH, US",,,,False,1.0,unity,,talent,https://www.talent.com/view?id=6ef2f9def3f6,https://www.talent.com/view?id=6ef2f9def3f6,,2026-06-12T01:14:07.887226,"MILLWRIGHT - WEST UNITY, OH Tradeco Construction • Findlay, OH, US Full-time Quick Apply Tradeco is looking for an experienced Millwright in West Unity OH!.This work includes erecting structural steel, installing decking, installation of specialized equipment, field-building custom, an... Show more Last updated: 30+ days ago"
121d481eec5c39c5d9ea79adf099b1ed,Requisition PLAYER DEVELOPMENT - UNITY ACCOUNT EXECUTIVE - FT,Seminole Gaming,"Hollywood, FL, United States",,,,False,1.0,unity,,talent,https://www.talent.com/view?id=619902990076877922,https://www.talent.com/view?id=619902990076877922,,2026-06-12T01:14:07.887751,"Requisition PLAYER DEVELOPMENT - UNITY ACCOUNT EXECUTIVE - FT Seminole Gaming • Hollywood, FL, United States Full-time The VIP Host is responsible for solicitation of casino players from segments selected by PD leadership.The VIP Host will call, text, email or use other means of communication to directly invite qua... Show more Last updated: 23 days ago"
70ed13a34336d49cd00387f9210469b3,Therapist - Adult Recovery Unity - Waynesville (3051),True Team Medical,"Waynesville, NC, United States","$54,373",,,False,1.0,unity,,talent,https://www.talent.com/view?id=612364403788811939,https://www.talent.com/view?id=612364403788811939,,2026-06-12T01:14:07.888280,"Therapist - Adult Recovery Unity - Waynesville (3051) True Team Medical • Waynesville, NC, United States $54,373.00 yearly Full-time This position is eligible for a $5,000 Sign on bonus!.Appalachian Community Services provides Mental Health, Behavioral Health, Substance Use, and Developmental Disability services to individuals, ... Show more Last updated: 30+ days ago"
1033b70c1f42e1c7e77b3140d2292d3e,Databricks Platform Architect - Unity Catalog Enablement,Infinitive Inc,"McLean, VA, US",,,,False,1.0,unity,,talent,https://www.talent.com/view?id=cb3d27293b2a,https://www.talent.com/view?id=cb3d27293b2a,,2026-06-12T01:14:07.888951,"Databricks Platform Architect - Unity Catalog Enablement Infinitive Inc • McLean, VA, US Full-time Quick Apply About Infinitive Infinitive is a data &amp; AI consultancy that enables global brands to deliver results through insights, innovation, and efficiency.We possess deep industry and technology experti... Show more Last updated: 30+ days ago"
d49651d0514ee309c6088ebfe2f8d373,"SALES ASSOCIATE in WEST UNITY, OH S11306",Dollar General,"West Unity, OH, United States",,,,False,1.0,unity,,talent,https://www.talent.com/view?id=619939384438629327,https://www.talent.com/view?id=619939384438629327,,2026-06-12T01:14:07.889958,"SALES ASSOCIATE in WEST UNITY, OH S11306 Dollar General • West Unity, OH, United States Full-time At Dollar General, our mission is Serving Others! We value each and every one of our employees.Whether you are looking to launch a new career in one of our many convenient store locations, distribu... Show more Last updated: 23 days ago"
fe8681bde18b49e58b7ac05631122d46,Unity Engagement Learning and Development Specialist - 34047,Akron Children's Hospital,"Akron, OH, United States",,,,False,1.0,unity,,talent,https://www.talent.com/view?id=623063364122052677,https://www.talent.com/view?id=623063364122052677,,2026-06-12T01:14:07.890437,"Unity Engagement Learning and Development Specialist - 34047 Akron Children's Hospital • Akron, OH, United States Part-time Unity Engagement Learning And Development Specialist - 34047.US:OH:Akron | Professional | Part Time. Show more Last updated: 2 days ago"
7a0ab3482584c5552c02ed9a1523a858,Medical Assistant - Unity Geriatrics,Rochester Regional Health,"Rochester, NY, United States",$17,,,False,1.0,unity,,talent,https://www.talent.com/view?id=622415499926907639,https://www.talent.com/view?id=622415499926907639,,2026-06-12T01:14:07.890982,"Medical Assistant - Unity Geriatrics Rochester Regional Health • Rochester, NY, United States $17.85 hourly Full-time As a Medical Assistant, your excellent customer service and communication skills directly affect patient care as well as ensuring day to day office operations run smoothly.Conduct pre-visit plannin... Show more Last updated: 7 days ago"
91cd88f2875041ed2d9f2545d5a7aa15,Medical Assistant - Unity Pulmonary,IntelyCare,"Rochester, NY, United States",$17,,,False,1.0,unity,,talent,https://www.talent.com/view?id=619204041109348036,https://www.talent.com/view?id=619204041109348036,,2026-06-12T01:14:07.891599,"Medical Assistant - Unity Pulmonary IntelyCare • Rochester, NY, United States $17.85 hourly Full-time Medical Assistant/h2pAs a Medical Assistant, your excellent customer service and communication skills directly affect patient care as well as ensuring day to day office operations run smoothly.Resp... Show more Last updated: 28 days ago"
04f49e3b902b06c55c59aa1d8e6c3cc7,"Home Health Aide - Pleasant Unity, PA",emmUcare Home Health Corporate,"Williamsport, PA, US",$11,,,False,1.0,unity,,talent,https://www.talent.com/view?id=607936989312781258,https://www.talent.com/view?id=607936989312781258,,2026-06-12T01:14:07.892224,"Home Health Aide - Pleasant Unity, PA emmUcare Home Health Corporate • Williamsport, PA, US $11.00 hourly Full-time +1 Join Our Compassionate Team at EmmUcare Home Health !.Are you passionate about making a positive impact on the lives of others? EmmUcare Home Health is currently seeking dedicated individuals to fi... Show more Last updated: 30+ days ago"
3569af6d4b662df71a1bfac4cc38d2bd,Unity Developer,PepUp Studios,Dubai - United Arab Emirates,,,1,False,1.0,unity,,naukrigulf,https://www.naukrigulf.comunity-developer-jobs-in-dubai-uae-in-pepup-studios-1-to-4-years-n-cd-40005403-jid-080626501056,https://www.naukrigulf.comunity-developer-jobs-in-dubai-uae-in-pepup-studios-1-to-4-years-n-cd-40005403-jid-080626501056,1780914916,2026-06-12T01:14:15.722235,"<span>UNITY DEVELOPER</span> <div> <p>We are looking for a Unity or Unity3D Developer to join our team! As a Unity or Unity3D Developer at our company, you will be responsible for implementing game functionality translating design ideas, concepts, and requirements into a functional and engaging game.</p> <p> </p> <p><b>Responsibilities</b></p> <p> </p> <ul> <li> <p>Plan and implement game functionality </p> </li> <li> <p>Transform design specification into functional games</p> </li> <li> <p>Comm..."
d5e22794b643fd17f1bc29289b0fed6f,Data Quality Engineer (Databricks),Datamatics Technologies,United Arab Emirates - United Arab Emirates,,,5,False,1.0,unity,,naukrigulf,https://www.naukrigulf.comdata-quality-engineer-jobs-in-uae-in-datamatics-technologies-5-to-7-years-n-cd-40004121-jid-110626501532,https://www.naukrigulf.comdata-quality-engineer-jobs-in-uae-in-datamatics-technologies-5-to-7-years-n-cd-40004121-jid-110626501532,1781178287,2026-06-12T01:14:15.722669,"<p>Job Description Data Quality Engineer (Databricks) x 4 Positions Location: Abudhabi - UAE - Onsite Open to Relocate Duration: 6 months ( Extendable to One Year) Experience: 5 to 7 Years Project start date is 1st July - Immediate joiners will be preferred Role Overview The Data Quality Engineer will be responsible for designing, implementing, and operating ADC's enterprise data quality framework within the Databricks platform. The role will deliver automated profiling, quality rule execution, ..."
4bdc9f1961533990a9f154351bda2082,Senior Game Developer,PepUp Studios,Dubai - United Arab Emirates,,,3,False,1.0,unity,,naukrigulf,https://www.naukrigulf.comsenior-game-developer-jobs-in-dubai-uae-in-pepup-studios-3-to-5-years-n-cd-40005403-jid-080626500412,https://www.naukrigulf.comsenior-game-developer-jobs-in-dubai-uae-in-pepup-studios-3-to-5-years-n-cd-40005403-jid-080626500412,1780908886,2026-06-12T01:14:15.722774,"<span><b>SENIOR GAME DEVELOPER</b></span><div> <p>To succeed in this role, you will need to have a good understanding of the current mobile game market.</p> <p>You will work on our upcoming projects by developing fun and highly scalable mobile games - played by millions of people!</p> <p> </p> <p>You will be part of a small and high performing team with the opportunity to grow your skills while delivering great mobile games.</p> <p> </p> <p>Requirements:</p> <p> </p> <ul> <li> <p>You have a crea..."
98de48a2c1bd1b13c2d1692586dee204,Secondary Food Technology Teacher,Client of Edvectus,Dubai - United Arab Emirates,,,3,False,1.0,unity,,naukrigulf,https://www.naukrigulf.comsecondary-food-technology-teacher-jobs-in-dubai-uae-in-client-of-edvectus-3-to-5-years-n-cd-10050754-jid-080626501937,https://www.naukrigulf.comsecondary-food-technology-teacher-jobs-in-dubai-uae-in-client-of-edvectus-3-to-5-years-n-cd-10050754-jid-080626501937,1780921553,2026-06-12T01:14:15.722950,"<p>This is a well-regarded school offering a British curriculum in a modern, well-equipped campus. It focuses on strong academic standards while also supporting students personal development through a range of extracurricular activities like sports and the arts. The teaching approach is practical and engaging, and the school aims to create a supportive environment where students can build confidence, develop skills, and prepare for future studies. The school expect all applicants to be well qual..."
934dbf1ac56232756b6f8ecf8ac894a6,Secondary French/Spanish Teacher,Client of Edvectus,Dubai - United Arab Emirates,,,3,False,1.0,unity,,naukrigulf,https://www.naukrigulf.comsecondary-french-spanish-teacher-jobs-in-dubai-uae-in-client-of-edvectus-3-to-8-years-n-cd-10050754-jid-040626501732,https://www.naukrigulf.comsecondary-french-spanish-teacher-jobs-in-dubai-uae-in-client-of-edvectus-3-to-8-years-n-cd-10050754-jid-040626501732,1780545600,2026-06-12T01:14:15.723315,"<p>This is a well-regarded school offering a British curriculum in a modern, well-equipped campus. It focuses on strong academic standards while also supporting students personal development through a range of extracurricular activities like sports and the arts. The teaching approach is practical and engaging, and the school aims to create a supportive environment where students can build confidence, develop skills, and prepare for future studies. The school expect all applicants to be well qual..."
0062529da664ec01280264317f9b6ea8,AV & User Support,Mubadala Energy,Abu Dhabi - United Arab Emirates,,,1,False,1.0,unity,,naukrigulf,https://www.naukrigulf.comav-user-support-jobs-in-abu-dhabi-uae-in-mubadala-energy-1-to-7-years-n-cd-10002290-jid-200526500840,https://www.naukrigulf.comav-user-support-jobs-in-abu-dhabi-uae-in-mubadala-energy-1-to-7-years-n-cd-10002290-jid-200526500840,1779249600,2026-06-12T01:14:15.723543,"<p>Responds and resolves all assigned calls within prescribed SLA, manages own workload, diagnoses and fixes the issues of end user systems related to:</p> <p> Operating systems.</p> <p> Internet browsers (ie. explorer).</p> <p> MS Office &amp; MS products (Word, Excel, PowerPoint, outlook etc.).</p> <p> Local area network connectivity.</p> <p> Wireless connectivity.</p> <p> First level hardware diagnosis.</p> <p> Printing issues.</p> <p> Support for any issues related to access / attendance sys..."
e30f03a57d1c5adef2c31d06748446f1,Senior Character Rigger,Analog AI,Abu Dhabi - United Arab Emirates,,,5,False,1.0,unity,,naukrigulf,https://www.naukrigulf.comsenior-character-rigger-jobs-in-abu-dhabi-uae-in-analog-ai-5-to-10-years-n-cd-40003919-jid-100226500693,https://www.naukrigulf.comsenior-character-rigger-jobs-in-abu-dhabi-uae-in-analog-ai-5-to-10-years-n-cd-40003919-jid-100226500693,1770707081,2026-06-12T01:14:15.723684,"<p>We are seeking a hands-on, production-proven Senior Character Rigger to join Analog as an individual contributor. This is a rigging-focused role, centered on building high-quality, animator-friendly rigs in Autodesk Maya for real-time 3D and AR/VR experiences.</p> <p>This position is intended for a specialist rigger who actively builds, debugs, and ships rigs in production. It is not a hybrid Tech Artist or animation systems role. We are open to strong mid-level or senior candidates, provided..."
0779e6cf2a8cc05619e3b064b6993f97,Senior Character Rigger,Group 42,United Arab Emirates - United Arab Emirates,,,5,False,1.0,unity,,naukrigulf,https://www.naukrigulf.comsenior-character-rigger-jobs-in-uae-in-group-42-5-to-7-years-n-cd-10008188-jid-060226500941,https://www.naukrigulf.comsenior-character-rigger-jobs-in-uae-in-group-42-5-to-7-years-n-cd-10008188-jid-060226500941,1770371274,2026-06-12T01:14:15.723802,"<p>We are seeking a hands-on, production-proven Senior Character Rigger to join Analog as an individual contributor. This is a rigging-focused role, centered on building high-quality, animator-friendly rigs in Autodesk Maya for real-time 3D and AR/VR experiences.</p> <p>This position is intended for a specialist rigger who actively builds, debugs, and ships rigs in production. It is not a hybrid Tech Artist or animation systems role. We are open to strong mid-level or senior candidates, provided..."
441ad53c3ad5817fe2ba1b2bca1a4c8c,Animator and Motion Designer,Urban Ridge Supplies,Dubai - United Arab Emirates,,,3,False,1.0,unity,,naukrigulf,https://www.naukrigulf.comanimator-and-motion-designer-jobs-in-dubai-uae-in-urban-ridge-supplies-3-to-5-years-n-cd-40003567-jid-070526500478,https://www.naukrigulf.comanimator-and-motion-designer-jobs-in-dubai-uae-in-urban-ridge-supplies-3-to-5-years-n-cd-40003567-jid-070526500478,1778126400,2026-06-12T01:14:15.724187,"<p>You will work across 2D and 3D pipelines, and you will care as much about timing and easing as you do about the art itself. A win should feel like a win.</p> <p> </p> <p>What you will do</p> <ul> <li> <p> <strong>Animate slot symbols</strong> from idle loops to win states, across classic and premium symbol sets.</p> </li> <li> <p> <strong>Build character animation</strong> for original games: win reactions, feature triggers, story moments.</p> </li> <li> <p> <strong>Design and execute FX:</st..."
653b7e18e8b38442c75f49bc3bb1bdb5,DevOps Engineer,Analog AI,Dubai - United Arab Emirates,,,3,False,1.0,unity,,naukrigulf,https://www.naukrigulf.comdevops-engineer-jobs-in-dubai-uae-in-analog-ai-3-to-5-years-n-cd-40003919-jid-120226500072,https://www.naukrigulf.comdevops-engineer-jobs-in-dubai-uae-in-analog-ai-3-to-5-years-n-cd-40003919-jid-120226500072,1770878688,2026-06-12T01:14:15.724355,"<p>Design, build, and maintain CI/CD pipelines (GitHub Actions) for microservices (Python / Go / Java / Kotlin / TypeScript) and Unity applications</p> <ul> <li>Implement pipeline templates and reusable workflows to minimize pipeline duplication across repos</li> <li>Integrate security into delivery (SAST/DAST, dependency scanning, secret scanning, SBOM generation).</li> <li>Improve build performance (caching, parallelization)</li> <li>Improve release automation (versioning, approvals, migration..."
87885ce33edf4dac8b9cf6e1d4172cd2,DevOps Engineer,Group 42,Dubai - United Arab Emirates,,,3,False,1.0,unity,,naukrigulf,https://www.naukrigulf.comdevops-engineer-jobs-in-dubai-uae-in-group-42-3-to-7-years-n-cd-10008188-jid-100226500919,https://www.naukrigulf.comdevops-engineer-jobs-in-dubai-uae-in-group-42-3-to-7-years-n-cd-10008188-jid-100226500919,1770708113,2026-06-12T01:14:15.724443,"<p>Design, build, and maintain CI/CD pipelines (GitHub Actions) for microservices (Python / Go / Java / Kotlin / TypeScript) and Unity applications</p> <ul> <li>Implement pipeline templates and reusable workflows to minimize pipeline duplication across repos</li> <li>Integrate security into delivery (SAST/DAST, dependency scanning, secret scanning, SBOM generation).</li> <li>Improve build performance (caching, parallelization)</li> <li>Improve release automation (versioning, approvals, migration..."
b9f0c7301861b601db2b84d3979e8e49,Senior Sales Account Manager,Client of LHH,United Arab Emirates - United Arab Emirates,,,10,False,1.0,unity,,naukrigulf,https://www.naukrigulf.comsenior-sales-account-manager-jobs-in-uae-in-client-of-lhh-10-to-15-years-n-cd-50000576-jid-130126501176,https://www.naukrigulf.comsenior-sales-account-manager-jobs-in-uae-in-client-of-lhh-10-to-15-years-n-cd-50000576-jid-130126501176,1768295263,2026-06-12T01:14:15.724608,"<p><strong>Roles &amp; Responsibilities</strong></p> <ul> <li><strong>Account Management:</strong> Oversee sales and solutions for key accounts, ensuring exceptional service and high levels of client satisfaction.</li> <li><strong>Product Sales:</strong> Manage Product and Solution Sales related to Digital Twin, Metaverse, AR+VR+MR wearables, and sales for major brand products/platforms, including Unity, Unreal, Vuzig, Varjo, Realware, Adobe, Oracle, and other Enterprise products.</li> <li><stro..."
86c209d2313758970d74036054939eb3,Unity 3D Designer/Technical Artist( Remote ),Unity,UAE,,,,True,1.0,unity,,foundit,https://www.founditgulf.com/job/unity-3d-designer-technical-artist-remote-rayqube-future-tech-united-arab-emirates-40874917,https://www.founditgulf.com/job/unity-3d-designer-technical-artist-remote-rayqube-future-tech-united-arab-emirates-40874917,,2026-06-12T01:14:08.558076,
7a9d01e393eadbf55afff6fd27ffd3b9,Unity Developer,SuperPlay,"Warsaw, Mazowieckie, Poland",,,,False,1.0,unity,,linkedin,https://pl.linkedin.com/jobs/view/unity-developer-at-superplay-4427519249,https://pl.linkedin.com/jobs/view/unity-developer-at-superplay-4427519249,2026-06-11,2026-06-12T01:14:09.086265,"Come and join a rapidly expanding mobile games company! Who are we?: SuperPlay is a leading gaming company dedicated to creating unforgettable mobile gaming experiences. Founded in 2019 by industry experts from Playtika and Rovio, the company strives to develop innovative and exciting casual games that captivate millions of players worldwide and remain enjoyable for years to come. Dice Dreams, our flagship game, has become a global sensation and a top-100-grossing hit, while Domino Dreams, our n..."
ba916a9757d07c612f0ff859198f2791,Junior Generalist Game Programmer / Programmeur(-euse) généraliste de jeux vidéo,Snowed In Studios Inc.,Canada,"$62,000",,,False,1.0,unity,,linkedin,https://ca.linkedin.com/jobs/view/junior-generalist-game-programmer-programmeur-euse-g%C3%A9n%C3%A9raliste-de-jeux-vid%C3%A9o-at-snowed-in-studios-inc-4427546628,https://ca.linkedin.com/jobs/view/junior-generalist-game-programmer-programmeur-euse-g%C3%A9n%C3%A9raliste-de-jeux-vid%C3%A9o-at-snowed-in-studios-inc-4427546628,2026-06-11,2026-06-12T01:14:13.560848,"[English version, French to follow] Snowed in Studios is a game development studio based in Ottawa, Canada. As part of Keywords Studios' Game Development service line, we provide development support to some of the most important and exciting games being made today. You will have the chance to make a global impact, working in a studio known for shipping some of the most prestigious household names in gaming. Employee satisfaction is at the top of our priority list. We understand that you work you..."
942ef72deade82c1aa228fb096d1571a,Game Developer,Leap Games,"Sarıyer, Istanbul, Türkiye",,,,False,1.0,unity,,linkedin,https://tr.linkedin.com/jobs/view/game-developer-at-leap-games-4423622162,https://tr.linkedin.com/jobs/view/game-developer-at-leap-games-4423622162,2026-06-11,2026-06-12T01:14:17.997726,Leap Games is a casual mobile gaming startup based in Sarıyer / İstanbul. We produce and publish casual puzzle games. We’re looking for a passionate Game Developer who values an enjoyable work atmosphere and will make a difference in the mobile gaming industry. Responsibilities Develop high-quality game projects with coding best practices in mind Take ownership of entire features and components of the game lifecycle and lead the product design and code elements Collaborate with other members of ...
83bfc3ca99b80e934cce0e28e73722cd,Senior Generalist Game Programmer | Programmeur(-euse) généraliste de jeux vidéo,Snowed In Studios Inc.,Canada,"$92,000",,,False,1.0,unity,,linkedin,https://ca.linkedin.com/jobs/view/senior-generalist-game-programmer-programmeur-euse-g%C3%A9n%C3%A9raliste-de-jeux-vid%C3%A9o-at-snowed-in-studios-inc-4427545733,https://ca.linkedin.com/jobs/view/senior-generalist-game-programmer-programmeur-euse-g%C3%A9n%C3%A9raliste-de-jeux-vid%C3%A9o-at-snowed-in-studios-inc-4427545733,2026-06-11,2026-06-12T01:14:22.533894,"[English version, French to follow] Snowed in Studios is a game development studio based in Ottawa, Canada. As part of Keywords Studios' Game Development service line, we provide development support to some of the most important and exciting games being made today. You will have the chance to make a global impact, working in a studio known for shipping some of the most prestigious household names in gaming. Employee satisfaction is at the top of our priority list. We understand that you work you..."
68b82138647d1e86101344fea034ceda,LATAM - Game Developer with Unity Experience,Playsaurus Inc.,"Alameda, CA",,,,False,1.0,unity,,linkedin,https://www.linkedin.com/jobs/view/latam-game-developer-with-unity-experience-at-playsaurus-inc-4423658284,https://www.linkedin.com/jobs/view/latam-game-developer-with-unity-experience-at-playsaurus-inc-4423658284,2026-06-11,2026-06-12T01:14:27.176995,Thank you for your interest in the game developer role. Some Things To Note This role is specifically for individuals located in LATAM (Spanish America and Brazil). This is a contracted position. Please fill our the following details fully for consideration. Show more Show less
3addf08bbcbacdb5bb48f2d7d5ca42c4,Game Developer,Vertigo Games,"Istanbul, Istanbul, Türkiye",,,,False,1.0,unity,,linkedin,https://tr.linkedin.com/jobs/view/game-developer-at-vertigo-games-4419604743,https://tr.linkedin.com/jobs/view/game-developer-at-vertigo-games-4419604743,2026-06-11,2026-06-12T01:14:31.608054,"We create amazing games that rank at the top on both iOS and Android, loved and played by over 150 million fans worldwide! Check out our smash-hit games: - Critical Strike - Polygun Arena We're now looking for a passionate Game Developer to join our dynamic team in Istanbul . This is an on-site role , requiring you to work 5 days a week from our office in Levent . In this role, we deeply care about your passion for building high-quality PvP experiences. We highly encourage you to get familiar wi..."
e506c3fd6de3fb0a4e779c466e1e45cb,Unity Game Developer (AI & Mobile Games),NeuralMobi LTD,United Kingdom,,,,False,1.0,unity,,linkedin,https://uk.linkedin.com/jobs/view/unity-game-developer-ai-mobile-games-at-neuralmobi-ltd-4424807214,https://uk.linkedin.com/jobs/view/unity-game-developer-ai-mobile-games-at-neuralmobi-ltd-4424807214,2026-06-11,2026-06-12T01:14:36.045857,"📍 Remote | 🕒 Flexible | 💼 Unpaid Internship | NeuralMobi Ltd Are you passionate about building immersive mobile games using Unity? Join NeuralMobi Ltd, a UK-based AI-first mobile technology startup, as a Unity Game Developer Intern and help create the next generation of intelligent, mobile-first games. 🧠 What You’ll Do: Develop 2D/3D games for mobile using Unity and C# Collaborate with designers and other developers to implement core gameplay features Integrate UI, animations, and audio assets i..."
8a0728dce240fdd9ab4479833cc1ed61,Software Developer – Unity Engine (m/w/d),usomo by FRAMED immersive projects,"Berlin, Germany",,,,False,1.0,unity,,linkedin,https://de.linkedin.com/jobs/view/software-developer-%E2%80%93-unity-engine-m-w-d-at-usomo-by-framed-immersive-projects-4427546076,https://de.linkedin.com/jobs/view/software-developer-%E2%80%93-unity-engine-m-w-d-at-usomo-by-framed-immersive-projects-4427546076,2026-06-11,2026-06-12T01:14:40.477655,"FRAMED immersive projects GmbH & Co. KG is a Berlin-based studio specializing in innovative sound design, immersive audio technology, and interactive media art. We develop and install a headphone-based spatial audio system under the brand name Usomo that dynamically renders sound in real-time, responding precisely to users’ movements through physical space. We are looking for a software developer to join our team full-time and contribute to the development of our core technology platform within ..."
95a6a36973267200d57b061d3916d330,Software Developer - XR,Foster + Partners,"London, England, United Kingdom",,,,False,1.0,unity,,linkedin,https://uk.linkedin.com/jobs/view/software-developer-xr-at-foster-%2B-partners-4410190774,https://uk.linkedin.com/jobs/view/software-developer-xr-at-foster-%2B-partners-4410190774,2026-06-11,2026-06-12T01:14:45.229048,"Department: Applied R+D Location: London Description As a Software Developer - XR at Foster + Partners , you will help shape cutting-edge extended reality (XR) technologies that transform how the built environment is designed, visualised and experienced. Working within the Applied Research + Development team, you will create immersive, interactive applications that enable real-time collaboration, high-fidelity visualisation and spatial insight across architecture, engineering and construction pr..."
c1335377bb58f6411887aaed4b2b8dbd,Game Developer - New Grad,Vertigo Games,"Istanbul, Istanbul, Türkiye",,,,False,1.0,unity,,linkedin,https://tr.linkedin.com/jobs/view/game-developer-new-grad-at-vertigo-games-4419624073,https://tr.linkedin.com/jobs/view/game-developer-new-grad-at-vertigo-games-4419624073,2026-06-11,2026-06-12T01:14:49.644484,"We create amazing games that rank at the top on both iOS and Android, loved and played by over 150 million fans worldwide! Check out our smash-hit games: - Critical Strike - Polygun Arena We're now looking for a passionate Game Developer to join our dynamic team in Istanbul . This is an on-site role , requiring you to work 5 days a week from our office in Levent . In this role, we deeply care about your passion for building high-quality PvP experiences. We highly encourage you to get familiar wi..."
d7d085e688b4b992ca642c34df088e1e,Software Engineer,FinThrive,United States,,,,False,1.0,unity,,linkedin,https://www.linkedin.com/jobs/view/software-engineer-at-finthrive-4315871658,https://www.linkedin.com/jobs/view/software-engineer-at-finthrive-4315871658,2026-06-11,2026-06-12T01:14:54.029696,"About The Role Impact you will make Software Engineer with FinThrive is responsible for the design and development of new features and tools to support our industry leading healthcare software. This position also supports and maintains existing products for growth and development of our Patient to Payment technology suite. The ideal candidate will have experience with software development practices and patterns, as well as direct experience in supporting enterprise-level cloud-based solutions. C..."
91dd6a8462bbf4ec5fac0ce93bcc7283,Software Developer (Broadcast),GIRRAPHIC,"Denver, CO","$65,000 - $75,000",,,False,1.0,unity,,linkedin,https://www.linkedin.com/jobs/view/software-developer-broadcast-at-girraphic-4426212740,https://www.linkedin.com/jobs/view/software-developer-broadcast-at-girraphic-4426212740,2026-06-11,2026-06-12T01:14:58.800440,"About Girraphic Girraphic is an agile and ever growing broadcast design agency, founded in Sydney and now with offices globally. At Girraphic we are firm believers in the power of an idea and providing technical innovation and expertise to help create, explore & bring ideas to life. Specialising in Vizrt & Unreal engine products and workflows, we have over 30 years of industry experience in the conception, production and successful delivery of full turnkey and bespoke on-air graphics solutions a..."
66d8dfa1f3ac076301c641da8d99a40a,Unity Developer Intern,XR Solutions,"Stockholm County, Sweden",,,,False,1.0,unity,,linkedin,https://se.linkedin.com/jobs/view/unity-developer-intern-at-xr-solutions-4423604973,https://se.linkedin.com/jobs/view/unity-developer-intern-at-xr-solutions-4423604973,2026-06-11,2026-06-12T01:15:03.702545,"XR Solutions is a technology based company that utilizes machine learning and powerful research-based optimizations to provide practical, reliable and optimizing augmented reality solutions to industrial companies. We believe that our AR technology can change working methods, the way of thinking and enable new innovative solutions that previously was not achievable in industry and machine operation. Role Overview: We are seeking a passionate and dedicated XR/Unity Developer Intern to join our te..."
85d5d08548bbbbe75862ac7c3a3f22c7,"Entry-Level Developer roles (Software, Web, AI, Data, IT, Product)",Joinrs,United Kingdom,,,,False,1.0,unity,,linkedin,https://uk.linkedin.com/jobs/view/entry-level-developer-roles-software-web-ai-data-it-product-at-joinrs-4425467846,https://uk.linkedin.com/jobs/view/entry-level-developer-roles-software-web-ai-data-it-product-at-joinrs-4425467846,2026-06-11,2026-06-12T01:15:12.561892,"Are you a student or a recent graduate in engineering, computer science, math, statistics or other STEM disciplines looking to start your career? Top startups, tech hubs, and multinational corporations across the UK are currently expanding their teams and hiring junior talent to drive growth and innovation. Whether your academic background has prepared you to write code, build new products, or expand market reach, there is a path for you. On Joinrs , you won't find the usual job postings, but an..."
9810efc8ecf79017455aec86c41624f8,Senior Unity Developer (Tournaments team),PAPAYA,"Tel Aviv-Yafo, Tel Aviv District, Israel",,,,False,1.0,unity,,linkedin,https://il.linkedin.com/jobs/view/senior-unity-developer-tournaments-team-at-papaya-4386778237,https://il.linkedin.com/jobs/view/senior-unity-developer-tournaments-team-at-papaya-4386778237,2026-06-11,2026-06-12T01:15:31.818705,"At Papaya, we believe in the power of play. We create skill-based mobile games that combine fun, competition, and real rewards — enjoyed by millions of players worldwide. We're building a platform where players join tournaments, connect with others, and keep coming back. With a strong focus on innovation, scalability, and user experience, we aim to redefine what mobile gaming can offer. We’re a fast-growing, profitable company with the spirit of a startup — no corporate bureaucracy, no endless l..."
9604ab3691fe881ded97ae6980e6eb3e,Senior Unity Game Developer,MedMind Technology Limited,"Hong Kong, Hong Kong SAR",,,,False,1.0,unity,,linkedin,https://hk.linkedin.com/jobs/view/senior-unity-game-developer-at-medmind-technology-limited-4385610485,https://hk.linkedin.com/jobs/view/senior-unity-game-developer-at-medmind-technology-limited-4385610485,2026-06-11,2026-06-12T01:15:39.830890,Key Responsibilities Develop interactive games using Unity Implement motion sensing features Implement user-friendly UI/UX suitable for elderly users Optimize game performance across different platforms Debug and maintain existing game applications Integrate cloud services and data analytics features Document technical specifications and development processes Technical Requirements Proficient in Unity3D development Strong C# programming skills Experience with motion tracking integration (With Un...
36e13418355b7b560a481f32b4a5e2ed,ゲームサーバープログラマー,Wizcorp,"Tokyo, Tokyo, Japan",,,,False,1.0,unity,,linkedin,https://jp.linkedin.com/jobs/view/%E3%82%B2%E3%83%BC%E3%83%A0%E3%82%B5%E3%83%BC%E3%83%90%E3%83%BC%E3%83%97%E3%83%AD%E3%82%B0%E3%83%A9%E3%83%9E%E3%83%BC-at-wizcorp-4423168936,https://jp.linkedin.com/jobs/view/%E3%82%B2%E3%83%BC%E3%83%A0%E3%82%B5%E3%83%BC%E3%83%90%E3%83%BC%E3%83%97%E3%83%AD%E3%82%B0%E3%83%A9%E3%83%9E%E3%83%BC-at-wizcorp-4423168936,2026-06-11,2026-06-12T01:15:45.068470,Wizcorpについて 🦄🇯🇵🎮 Wizcorpは東京を拠点とし、100%リモートワークで運営される高度に専門化されたゲーム開発スタジオです。私たちは異文化が融合する情熱的なチームとして、ひとつの目標に向かって取り組んでいます。 それは、ゲーム開発に魔法を取り戻すこと。 私たちの取り組み 日々成長する: 技術力が私たちのアイデアを制限することがあってはならない 常識を疑う: 昨日の答えで明日の課題に立ち向かうことはしない 価値観を大切にする: 私たちの意思決定は、道徳的な指針に導かれている 同じビジョンを持つ仲間と: スタッフ、クライアント、パートナーすべてが私たちのミッションの一部 学び、共有する: 私たちの成功も失敗も、業界全体の知恵に貢献していく Wizcorpは、フレンドリーで誠実な職場環境を提供しています。やりがいのある仕事を通じて、個人としても専門家としても成長できる機会が無数にあります。 本ポジションはWizcorpでの雇用期間中、日本国内に在住していただく必要があります。 求人内容 Wizcorpでは、様々なコンソールやプラットフォーム向けのマルチプレイヤーゲーム開発に...
c280531f5c782e79ba02d9f95348bc31,Unity Developer,Wishbone Game,"Ankara, Türkiye",,,,False,1.0,unity,,linkedin,https://tr.linkedin.com/jobs/view/unity-developer-at-wishbone-game-4423630880,https://tr.linkedin.com/jobs/view/unity-developer-at-wishbone-game-4423630880,2026-06-11,2026-06-12T01:15:49.841859,"Unity Game Developer Wishbone Games, ODTÜ Teknokent / Ankara merkezli, mobil Puzzle ve Hybrid Casual oyunlar geliştiren bir oyun stüdyosudur. Küçük ama yüksek motivasyonlu ekibimizle, milyonlarca oyuncuya ulaşabilecek yenilikçi mobil oyunlar üretmeyi hedefliyoruz. Eğer oyun geliştirmeye tutkuyla bağlıysan, yeni mekanikler üretmekten keyif alıyorsan ve fikirlerini hızlıca oynanabilir prototiplere dönüştürebiliyorsan seni ekibimize bekliyoruz. Sorumluluklar Unity ile kaliteli puzzle ve hybrid casu..."
7199e87d3068cc5879156d8f22aeedde,Unity Developer (Mobile Games),VGW,"Cracow, Małopolskie, Poland",,,,False,1.0,unity,,linkedin,https://pl.linkedin.com/jobs/view/unity-developer-mobile-games-at-vgw-4427105241,https://pl.linkedin.com/jobs/view/unity-developer-mobile-games-at-vgw-4427105241,2026-06-10,2026-06-12T01:15:54.282221,"Unity Developer (Mobile Games) VGW is an interactive entertainment company, harnessing technology and creativity to deliver world-class, free-to-play online social games. We have an exciting opportunity to join our Growth Products Engineering team in Poland, and we’re currently looking for a Unity Developer to be a part of the team. As a Unity Developer , you will help shape and evolve Monopoly Match - a high-traffic match-3 puzzle mobile game with a large global player base. You will be respons..."
fe507b99bcc5b2467ecc53708cf815e6,Multiplayer Game Programmer (Unity / C#) | 100% Remote | Entry-Level (Training + Mentorship),Salas Games,Latin America,$400 - $600,,,True,1.0,unity,,linkedin,https://www.linkedin.com/jobs/view/multiplayer-game-programmer-unity-c%23-100%25-remote-entry-level-training-%2B-mentorship-at-salas-games-4427129635,https://www.linkedin.com/jobs/view/multiplayer-game-programmer-unity-c%23-100%25-remote-entry-level-training-%2B-mentorship-at-salas-games-4427129635,2026-06-11,2026-06-12T01:15:58.726347,"Read this if you want your name attached to a real indie game We're a funded indie game studio working on our flagship online multiplayer game -- a noir spy game we're rebuilding from 2D into 3D. We just shipped our first playtest, players love it, and we're heading toward festivals: Steam Next Fest, IndieCade, Brazil Games, and others on the indie circuit. We are scrappy. We are funded. We have full runway for this project. We have a marketing budget. We have 3D artists on the team. We have a g..."
f669532a6b77cdeb3fcfde4669b4fd82,"Game Development Teacher (Unity, C#)",Empowr,"Atlanta, GA",,,,False,1.0,unity,,linkedin,https://www.linkedin.com/jobs/view/game-development-teacher-unity-c%23-at-empowr-4427548411,https://www.linkedin.com/jobs/view/game-development-teacher-unity-c%23-at-empowr-4427548411,2026-06-11,2026-06-12T01:16:03.466101,"Company Description Empowr is committed to teaching high-paying and in-demand skills, fostering a more prosperous and equitable future. By designing culturally relevant curricula and collaborating with partners, Empowr ensures that students acquire the skills they need to secure meaningful employment. The organization focuses on breaking down barriers of systemic inequality and addressing the racial wealth gap. Empowr is dedicated to empowering individuals to thrive in modern career fields. Role..."
16601a325daf67f22b598439e449e0d4,Application Manager - Trading,Crypto Finance Group,"Zurich, Zurich, Switzerland",,,,False,1.0,unity,,linkedin,https://ch.linkedin.com/jobs/view/application-manager-trading-at-crypto-finance-group-4427564357,https://ch.linkedin.com/jobs/view/application-manager-trading-at-crypto-finance-group-4427564357,2026-06-11,2026-06-12T01:16:08.074247,"About Crypto Finance Crypto Finance Group, part of Deutsche Börse Group, provides professional digital asset solutions to institutional clients. The Group comprises Crypto Finance AG, regulated by FINMA in Switzerland, offering trading, custody, and wallet services, as well as Crypto Finance (Deutschland) GmbH, regulated by BaFin in Germany, offering trading and custody services. As of 25 January 2025, Crypto Finance secured a MiCAR license for the European market as one of the first providers i..."
a50513a718c5df331eda8510388f10f6,Principal Game Developer,Product Pulse,"Barcelona, Catalonia, Spain",,,,False,1.0,unity,,linkedin,https://es.linkedin.com/jobs/view/principal-game-developer-at-product-pulse-4426206027,https://es.linkedin.com/jobs/view/principal-game-developer-at-product-pulse-4426206027,2026-06-11,2026-06-12T01:16:12.740292,"The Principal Game Developer will bring deep technical expertise to evolve the games architecture, implement high-quality features, and ensure amazing performance. You will collaborate closely with developers, designers and artists to continuously elevate the gameplay experience, while also helping to define the technical direction as it scales. Your responsibilities: Design and implement robust, scalable and performant gameplay systems and architectures Lead technical investigations and experim..."
6dc518e8c4fdb463ab26ae23efdddaed,Software Developer,Haystack,"Rhineland-Palatinate, Germany",,,,False,1.0,unity,,linkedin,https://de.linkedin.com/jobs/view/software-developer-at-haystack-4423691433,https://de.linkedin.com/jobs/view/software-developer-at-haystack-4423691433,2026-06-11,2026-06-12T01:16:17.263203,"We're hiring on behalf of a Haystack partner! The Role Develop and maintain Windows desktop applications (Visual Studio / C++) and mobile apps (Unity, Xamarin, MAUI / C#, XAML) for dental professionals. Optimize processes in dental practices through code development, contributing to improved medical care. Work in a demanding environment focused on robust, structured, tested, and maintainable code. Continuously update and evolve the technology stack. Support requirements management in developing ..."
f4e440a357f1a25aa95999573a76176c,People & Culture Generalist,BOUNCE MIDDLE EAST,"Riyadh, Riyadh, Saudi Arabia",,,,False,1.0,unity,,linkedin,https://sa.linkedin.com/jobs/view/people-culture-generalist-at-bounce-middle-east-4423648439,https://sa.linkedin.com/jobs/view/people-culture-generalist-at-bounce-middle-east-4423648439,2026-06-11,2026-06-12T01:16:26.401604,"TITLE: People & Culture Generalist Position Purpose At BOUNCE, we’re all about high energy, growth, and delivering a world-class team experience, the P&C Assistant plays a pivotal role in keeping our People & Culture engine running smoothly. This role exists to ensure precision, speed, and compliance in P&C, supporting the full employee lifecycle, driving accurate payroll inputs, organizing critical P&C processes, and helping the P&C team stay on top of what matters. This is not just an admin jo..."
4d8a89985171e51216883d7602d50ef7,Outreach Executive – Gaming & Immersive Technology,Partnerverse,"Indiana, United States",,,,False,1.0,unity,,linkedin,https://www.linkedin.com/jobs/view/outreach-executive-%E2%80%93-gaming-immersive-technology-at-partnerverse-4423630442,https://www.linkedin.com/jobs/view/outreach-executive-%E2%80%93-gaming-immersive-technology-at-partnerverse-4423630442,2026-06-11,2026-06-12T01:16:30.858585,"We are looking for a proactive and result-driven Outreach Executive to expand our presence in the gaming and immersive technology ecosystem. This role involves identifying potential clients, partners, and collaboration opportunities across game studios, Web3 startups, brands, and creators, and driving meaningful conversations that convert into business opportunities. Key Responsibilities Identify and connect with: ○ Game studios, publishers, and indie developers ○ Web3 gaming startups and blockc..."
a6940451afa8d9e5d2b54daa547e12a9,Software Engineer,Electronic Arts (EA),"Vancouver, British Columbia, Canada","$104,500 - $142,800",,,False,1.0,unity,,linkedin,https://ca.linkedin.com/jobs/view/software-engineer-at-electronic-arts-ea-4411570029,https://ca.linkedin.com/jobs/view/software-engineer-at-electronic-arts-ea-4411570029,2026-06-11,2026-06-12T01:16:35.530187,"Description & Requirements Electronic Arts creates next-level entertainment experiences that inspire players and fans around the world. Here, everyone is part of the story. Part of a community that connects across the globe. A place where creativity thrives, new perspectives are invited, and ideas matter. A team where everyone makes play happen. About The Team - Development Release Engineering (DRE) DRE ( are EA's global build automation specialists. We work with internal EA teams by providing s..."
ffaa45a9aac0b27e5c8c74ad0489993c,Talent ID Scout - Women's Academy,Chelsea Football Club,"Cobham, England, United Kingdom",,,,False,1.0,unity,,linkedin,https://uk.linkedin.com/jobs/view/talent-id-scout-women-s-academy-at-chelsea-football-club-4423620514,https://uk.linkedin.com/jobs/view/talent-id-scout-women-s-academy-at-chelsea-football-club-4423620514,2026-06-11,2026-06-12T01:16:40.339187,"JOB TITLE: Talent ID Scout – Women’s Academy LOCATION: Cobham Training Ground CONTRACT: Part Time – 10 hours per week (Across Weekdays and Weekends) The Opportunity We’re looking for a Women’s Academy Talent ID Scout to help identify and recruit high-potential players (U9–U18) for Chelsea FC Women’s Academy. You’ll build and maintain a strong scouting network, attend fixtures and talent events, and provide clear, evidence-based recommendations that align with the club’s player profile, playing p..."
5a39cb3bfb8275de8ee6d0cbb48efd88,Junior Programmer,Garena,"Mumbai, Maharashtra, India",,,,False,1.0,unity,,linkedin,https://in.linkedin.com/jobs/view/junior-programmer-at-garena-4423625062,https://in.linkedin.com/jobs/view/junior-programmer-at-garena-4423625062,2026-06-11,2026-06-12T01:16:45.076161,"Job Description Design and build playable prototypes focusing on core gameplay loops, mechanics, and systems to validate ""fun"" early in the process. Support rapid development cycles from initial build to final decision-making, ensuring that prototypes are delivered on time for evaluation. Prepare, debug, and optimize prototypes built for internal and external testing Collaborate closely with Game Designers to refine ""game feel"" through rapid code adjustments and variable tuning based on playtest..."
becf61965cc6cb046e3a5af653bf8f24,Talent Coordination Specialist,aston holmes,"Cape Town, Western Cape, South Africa",,,,False,1.0,unity,,linkedin,https://za.linkedin.com/jobs/view/talent-coordination-specialist-at-aston-holmes-4405586716,https://za.linkedin.com/jobs/view/talent-coordination-specialist-at-aston-holmes-4405586716,2026-06-11,2026-06-12T01:16:49.562363,"Location: South Africa (Cape Town or Johannesburg) As a Talent Coordination Specialist, you’ll play a key role in keeping the recruitment process running smoothly across a fast-paced, US-focused hiring environment. Working closely with Talent Partners, clients, and candidates, you’ll ensure seamless interview coordination, accurate documentation, and a consistently strong candidate experience from first contact through to onboarding. This role is ideal for someone who thrives on organisation, co..."
530fe65741985f84d04c957344772dfb,User Acquisition Specialist (Mobile Games),Maple Labs Co,"Ho Chi Minh City, Vietnam",,,,False,1.0,unity,,linkedin,https://vn.linkedin.com/jobs/view/user-acquisition-specialist-mobile-games-at-maple-labs-co-4426231555,https://vn.linkedin.com/jobs/view/user-acquisition-specialist-mobile-games-at-maple-labs-co-4426231555,2026-06-11,2026-06-12T01:16:58.963129,"ROLE OVERVIEW: We are hunting for a relentless Growth Mastermind to take full ownership of our UA campaigns and propel our mobile games to the top of the global charts. Operating at the ultimate intersection of hardcore data analytics, creative strategy, and performance marketing, your mission is to aggressively scale our player base to millions while crushing ROI and conversion targets. If you thrive in a high-octane environment and know exactly how to turn raw metrics into blockbuster success,..."
7432516b6a1be85ede72da0dedbf5615,Audio Programmer,Sony Interactive Entertainment,"London, England, United Kingdom",,,,False,1.0,unity,,linkedin,https://uk.linkedin.com/jobs/view/audio-programmer-at-sony-interactive-entertainment-4423644061,https://uk.linkedin.com/jobs/view/audio-programmer-at-sony-interactive-entertainment-4423644061,2026-06-11,2026-06-12T01:17:03.638882,"Why Sony Interactive Entertainment? Sony Interactive Entertainment isn’t just the Best Place to Play — it’s also the Best Place to Work. Sony Interactive Entertainment (SIE) is the company behind the PlayStation brand. As a subsidiary of Sony Group Corporation, we’re part of a proud legacy of innovation and excellence. SIE is a dynamic technology company, delivering cutting-edge hardware and network services to more than 100 million people and an entertainment leader, home to some of the most be..."
4f324599d35403fe60f0a1ae8946b079,Unreal Developer,ST Engineering,"Singapore, Singapore",,,,False,1.0,unity,,linkedin,https://sg.linkedin.com/jobs/view/unreal-developer-at-st-engineering-4426636432,https://sg.linkedin.com/jobs/view/unreal-developer-at-st-engineering-4426636432,2026-06-11,2026-06-12T01:17:12.926159,"Title: Unreal Developer Job ID: 19974 Location: Defence Technology Towers, SG Description About ST Engineering ST Engineering is a global technology, defence, and engineering group with offices across Asia, Europe, the Middle East, and the U.S., serving customers in more than 100 countries. The Group uses technology and innovation to solve real-world problems and improve lives through its diverse portfolio of businesses across the aerospace, smart city, defence, and public security segments. Hea..."
21361ed08c1cdda0bf2563d4e5876eda,Software Engineer,Scotiabank,"Toronto, Ontario, Canada",,,,False,1.0,unity,,linkedin,https://ca.linkedin.com/jobs/view/software-engineer-at-scotiabank-4426663228,https://ca.linkedin.com/jobs/view/software-engineer-at-scotiabank-4426663228,2026-06-11,2026-06-12T01:17:17.412405,"Requisition ID: 264464 Join a purpose driven winning team, committed to results, in an inclusive and high-performing culture. As a Software Engineer on Scotiabank’s Data & AI Technology team, you will be involved in designing, building, and scaling our enterprise data catalog and data management solutions leveraging the Databricks ecosystem. In this role, you will play a key part in enabling data discovery and governance across the organization by developing robust, scalable and secure data serv..."
4251ff3c80abb29e364b8ec9f751d4f9,Senior Unity Developer,Miniclip,"Lisbon, Lisbon, Portugal",,,,False,1.0,unity,,linkedin,https://pt.linkedin.com/jobs/view/senior-unity-developer-at-miniclip-4417311394,https://pt.linkedin.com/jobs/view/senior-unity-developer-at-miniclip-4417311394,2026-06-11,2026-06-12T01:17:21.964504,"Job Description We’re looking for a Senior Software Developer to join our Portfolio Product Unit; focused on operating and improving key live game titles through bold experimentation, fast iteration, and high-impact player experiences. You’ll combine strong technical expertise with product-driven thinking to deliver scalable, maintainable, and high-performance solutions that directly impact engagement, retention, and monetization. You’ll work within a cross-functional environment where experimen..."
30ab63ff146337a2ead65d2f62cf5596,3D Animator (Generalist),Innovecs,Ukraine,,,,False,1.0,unity,,linkedin,https://ua.linkedin.com/jobs/view/3d-animator-generalist-at-innovecs-4426334924,https://ua.linkedin.com/jobs/view/3d-animator-generalist-at-innovecs-4426334924,2026-06-11,2026-06-12T01:17:31.361992,"Innovecs Games is looking for a talented 3D Animator for visual development of a casual mobile game. You’ll take on interesting tasks and bring creative ideas to life throughout the full cycle of development, from concept to final in-game assets, with a focus on innovation and quality. This project offers the chance to work with a great team of professionals in a collaborative and fast-paced environment. If you’re looking for a role that offers pushing creative boundaries, this is the perfect pr..."
c6246e09da1528fc86d866d1feb089b1,We are Hiring Experienced Game Developer!,Game Rect,"Lahore, Punjab, Pakistan",,,,False,1.0,unity,,linkedin,https://pk.linkedin.com/jobs/view/we-are-hiring-experienced-game-developer%21-at-game-rect-4423133394,https://pk.linkedin.com/jobs/view/we-are-hiring-experienced-game-developer%21-at-game-rect-4423133394,2026-06-11,2026-06-12T01:17:36.025696,"Company Description Game Rect is a forward-thinking game development company known for creating captivating mobile and web-based games. Committed to innovation and user-centric designs, we strive to deliver unique and memorable gaming experiences across diverse genres. Our team values creativity, collaboration, and a culture of continuous innovation. At Game Rect, we are passionate about redefining interactive entertainment and pushing the limits of what games can achieve. Role Description We ar..."
e0f60980d01c94a34a742b4cc17fc602,Frontend Systems Engineer - Unity,Accenture Southeast Asia,"Singapore, Singapore",,,,False,1.0,unity,,linkedin,https://sg.linkedin.com/jobs/view/frontend-systems-engineer-unity-at-accenture-southeast-asia-4426623960,https://sg.linkedin.com/jobs/view/frontend-systems-engineer-unity-at-accenture-southeast-asia-4426623960,2026-06-11,2026-06-12T01:17:40.765035,"Role Overview We are seeking a skilled Frontend Unity Engineer to join the Software Engineering team on a physical Operations Technology (OT) integration project. In this role, you will design and build immersive 3D visualizations, digital twin interfaces, and geospatial systems that bridge real-world operational environments with software platforms. You will collaborate closely with cross-functional engineering teams to deliver production-grade solutions that are scalable, performant, and align..."
b7a22613d2dee19e40e6ef95e518e9c7,Workday HRIS Analyst,Unity,"Bengaluru, Karnataka, India",,,,False,1.0,unity,,linkedin,https://in.linkedin.com/jobs/view/workday-hris-analyst-at-unity-4417451105,https://in.linkedin.com/jobs/view/workday-hris-analyst-at-unity-4417451105,2026-06-11,2026-06-12T01:17:45.219155,"The opportunity We’re seeking a detail-oriented Workday Analyst to join our People Technology team. In this role, you’ll be the front line for Workday support, triaging and resolving Tier 1 tickets, maintaining core HCM configurations, and assisting with day-to-day operational requests. You’ll collaborate closely with HR, Recruiting, Payroll, and IT to ensure Workday processes run smoothly and employees receive timely support. At Unity, you’ll make a difference. In a collaborative, fast-growing ..."
54c0a0aa167a9c358a5e82f56fda1ca0,Learning and Development Specialist,Skillz,Las Vegas Metropolitan Area,"$75,000",,,False,1.0,unity,,linkedin,https://www.linkedin.com/jobs/view/learning-and-development-specialist-at-skillz-4416356362,https://www.linkedin.com/jobs/view/learning-and-development-specialist-at-skillz-4416356362,2026-06-11,2026-06-12T01:17:49.774312,"If you want to build, develop, and see your impact, join Skillz and level up your Career! Skillz, the first publicly-traded mobile eSports platform that hosts billions of casual mobile gaming tournaments for millions of players worldwide, is revolutionizing the gaming industry. By fostering social competition within games, the Skillz platform helps developers build multi-million dollar franchises by enabling real-money activity in their games and providing operational support while connecting pl..."
90dd9d04326170c97e3147b4f77f5b26,Game Developer,DJXLabs,"Noida, Uttar Pradesh, India",,,,False,1.0,unity,,linkedin,https://in.linkedin.com/jobs/view/game-developer-at-djxlabs-4423646259,https://in.linkedin.com/jobs/view/game-developer-at-djxlabs-4423646259,2026-06-11,2026-06-12T01:17:54.528102,"About DJX Labs DJX Labs is an immersive technology studio specializing in XR, AI, interactive 3D experiences, digital twins, enterprise training, product visualization, WebXR, and spatial computing solutions. We create innovative AR, VR, MR, and real-time 3D applications for enterprise, healthcare, museums, manufacturing, retail, and training sectors. Role Overview We are seeking a passionate and skilled Unreal XR Developer with 3–4 years of experience building immersive AR, VR, and Mixed Realit..."
36435df862376490cd93fa98abb53711,Développeur 3D temps réel (H/F),DOCARET,"Bordeaux, Nouvelle-Aquitaine, France",,,,False,1.0,unity,,linkedin,https://fr.linkedin.com/jobs/view/d%C3%A9veloppeur-3d-temps-r%C3%A9el-h-f-at-docaret-4427564535,https://fr.linkedin.com/jobs/view/d%C3%A9veloppeur-3d-temps-r%C3%A9el-h-f-at-docaret-4427564535,2026-06-11,2026-06-12T01:17:58.947226,"DOCARET, est une société de conseil en ingénierie. Depuis 40 ans, nous accompagnons nos clients sur les activités de conception, production et maintien en condition opérationnelle des systèmes industriels civils et militaires. Nous intervenons dans les secteurs de la défense, l'aéronautique, l'automobile, les énergies et les télécommunications. Nous recherchons pour l'un de nos clients, secteur de l'aéronautique, un(e) Développeur 3D temps réel. POSTE / MISSIONS Vous Aurez Pour Missions Principa..."
83de1caca7f4bd6bc316705098a362fc,Unity Programme - Organisation Design Manager,HM Revenue & Customs,"Nottingham, England, United Kingdom","£58,541,",,,False,1.0,unity,,linkedin,https://uk.linkedin.com/jobs/view/unity-programme-organisation-design-manager-at-hm-revenue-customs-4424809327,https://uk.linkedin.com/jobs/view/unity-programme-organisation-design-manager-at-hm-revenue-customs-4424809327,2026-06-11,2026-06-12T01:18:03.482353,"About The Job Job summary Discover a career in your hands at HMRC. Whether you're seeking purpose, growth, or a workplace that gives you a true sense of belonging, hear from some of our employees as they share their story about what it's really like to work at HMRC. Visit our YouTube channel to watch the full series and come and discover your potential. This is a fantastic opportunity to join the major cross government Unity Programme which will bring together Shared Services for His Majesty's R..."
c4470cf31aabf0e49fb47bf4b0a8d8f8,Junior Software Engineer,Alterface,"Wavre, Walloon Region, Belgium",€8,,,False,1.0,unity,,linkedin,https://be.linkedin.com/jobs/view/junior-software-engineer-at-alterface-4427515001,https://be.linkedin.com/jobs/view/junior-software-engineer-at-alterface-4427515001,2026-06-11,2026-06-12T01:18:08.423341,"You’ll join a young, passionate team of 20 people where curiosity, creativity, and hands‑on problem‑solving are part of everyday life. At Alterface, we’re looking for a software engineer to help develop the technology behind award-winning interactive attractions around the world. Come help us turn imagination into real‑world interactive experiences. About Alterface Founded in 2001 and headquartered in Belgium, Alterface is the world’s leading expert in interactive and media-based attractions for..."
638d15a472c8c0c4bce0226df75ac6ae,Director of Enterprise Applications,Unity Environmental University,"New Gloucester, ME",$150,,,False,1.0,unity,,linkedin,https://www.linkedin.com/jobs/view/director-of-enterprise-applications-at-unity-environmental-university-4402146426,https://www.linkedin.com/jobs/view/director-of-enterprise-applications-at-unity-environmental-university-4402146426,2026-06-11,2026-06-12T01:18:17.642006,"Job Overview The Director of Enterprise Applications is responsible for the execution of the strategic vision, management, and continuous improvement of the organization’s enterprise software platforms. This role ensures that all enterprise applications, such as Information System (IS), CRM, HRIS, finance, and other mission-critical systems, are aligned with business objectives, integrated effectively across functions\units and delivering maximum value. The Director will lead a team of applicati..."
b4aedf7cf61264aa76650a666a03e705,Software Engineer - Voice Engineering,D. E. Shaw India Private Limited,"Gurugram, Haryana, India",$90,,,False,1.0,unity,,linkedin,https://in.linkedin.com/jobs/view/software-engineer-voice-engineering-at-d-e-shaw-india-private-limited-4408014107,https://in.linkedin.com/jobs/view/software-engineer-voice-engineering-at-d-e-shaw-india-private-limited-4408014107,2026-06-11,2026-06-12T01:18:22.343720,"The D. E. Shaw group is a global investment and technology development firm with more than $90 billion in investment capital as of March 1, 2026, and offices in North America, Europe, and Asia. Since our founding in 1988, our firm has earned an international reputation for successful investing based on innovation, careful risk management, and the quality and depth of our staff. We have a significant presence in the world’s capital markets, investing in a wide range of companies and financial ins..."
db91b2c202ec0a48216dd6d25389d61d,Senior Technical Artist,Bellota Labs,"Redwood City, CA",,,,False,1.0,unity,,linkedin,https://www.linkedin.com/jobs/view/senior-technical-artist-at-bellota-labs-4426378119,https://www.linkedin.com/jobs/view/senior-technical-artist-at-bellota-labs-4426378119,2026-06-11,2026-06-12T01:18:27.115853,"At Bellota Labs , we’re building a next-generation iGaming mobile app that brings rich visuals, smooth gameplay, and seamless cross-platform experiences to iOS and Android. We’re looking for a Technical Artist to bridge the gap between artistic vision and technical execution, ensuring that our visuals are both beautiful and performant across devices. As a Technical Artist, you’ll collaborate closely with designers, 3D artists, and frontend engineers to bring assets, effects, and interactions to ..."
60a3a77a86add1817998f055ccd8c3d7,Applications Programmer - Center for Cognitive and Brain Health,Northeastern University,"Boston, MA","$60,315",,,False,1.0,unity,,linkedin,https://www.linkedin.com/jobs/view/applications-programmer-center-for-cognitive-and-brain-health-at-northeastern-university-4427572808,https://www.linkedin.com/jobs/view/applications-programmer-center-for-cognitive-and-brain-health-at-northeastern-university-4427572808,2026-06-11,2026-06-12T01:18:36.339376,About The Opportunity Job Summary The Applications Programmer will aid in the development of interactive cognitive assessments and training programs that are primarily targeted toward understanding and improving cognition. Under direct supervision applies professional software concepts and procedures to small projects or portions of projects. Resolves routine programming problems. Works on assigned issues and projects. Follows standard programming procedures to analyze situations and data to sol...
f6c88cd12d03377bd659a82d67423d4a,Unity Game Developer Partner — Revenue Share Program,"InZone, Inc.",Remote,$100 - $95K (Employer provided),,,True,1.0,unity,,glassdoor,"https://www.glassdoor.com/job-listing/unity-game-developer-partner-revenue-share-program-inzone-inc-JV_KO0,50_KE51,61.htm?jl=1010141212298","https://www.glassdoor.com/job-listing/unity-game-developer-partner-revenue-share-program-inzone-inc-JV_KO0,50_KE51,61.htm?jl=1010141212298",,2026-06-12T01:14:10.144673,
2bb0832deeb3c061875839605bc59389,Unity Tutor,Game-U 4.3,United States,$15.00 - $25.00 Per Hour (Employer provided),,,False,1.0,unity,,glassdoor,"https://www.glassdoor.com/job-listing/unity-tutor-game-u-JV_KO0,11_KE12,18.htm?jl=1010161571995","https://www.glassdoor.com/job-listing/unity-tutor-game-u-JV_KO0,11_KE12,18.htm?jl=1010161571995",,2026-06-12T01:14:10.146506,
e51dcadbd9dc31db93e530a907f1c5ae,"Unity 3D Engineer, Senior",Booz Allen Hamilton 3.9,"Arlington, VA",$99K - $225K (Employer provided),,,False,1.0,unity,,glassdoor,"https://www.glassdoor.com/job-listing/unity-3d-engineer-senior-booz-allen-hamilton-JV_IC1130337_KO0,24_KE25,44.htm?jl=1010122133316","https://www.glassdoor.com/job-listing/unity-3d-engineer-senior-booz-allen-hamilton-JV_IC1130337_KO0,24_KE25,44.htm?jl=1010122133316",,2026-06-12T01:14:10.153271,
7917b9e65eb0bf5ef69c75d6977dff9e,Unity Software Developer,CACI International 3.7,"Norfolk, VA",$63K - $130K (Employer provided),,,False,1.0,unity,,glassdoor,"https://www.glassdoor.com/job-listing/unity-software-developer-caci-international-JV_IC1130306_KO0,24_KE25,43.htm?jl=1010156903568","https://www.glassdoor.com/job-listing/unity-software-developer-caci-international-JV_IC1130306_KO0,24_KE25,43.htm?jl=1010156903568",,2026-06-12T01:14:10.155014,
ed8e7bbf90c3d8e4cf1c11b2aef197aa,"Software Engineer, Unity Engine and XR",ByteDance 3.4,"San Jose, CA",$156K - $388K (Employer provided),,,False,1.0,unity,,glassdoor,"https://www.glassdoor.com/job-listing/software-engineer-unity-engine-and-xr-bytedance-JV_IC1147436_KO0,37_KE38,47.htm?jl=1008350975015","https://www.glassdoor.com/job-listing/software-engineer-unity-engine-and-xr-bytedance-JV_IC1147436_KO0,37_KE38,47.htm?jl=1008350975015",,2026-06-12T01:14:10.164822,
